drug_kegg_id,disease_id
D00292,H01695
D00979,H00079
D02216,H00297
D00587,H00361
D01053,H00315
D01350,H00325
D07640,H00315
D00346,H00342
D00203,H01499
D00751,H01358
D00874,H01366
D00292,H01507
D00146,H01672
D00472,H01652
D00901,H00398
D00350,H01316
D02216,H00328
D00970,H01532
D00351,H01652
D06495,H00034
D03478,H00255
D02461,H01440
D00983,H01466
D00751,H01698
D00408,H00031
D08011,H01366
D00472,H01648
D00983,H00237
D00292,H00630
D00276,H00320
D00472,H01362
D00317,H00366
D00588,H00328
D00979,H01604
D00292,H00216
D06495,H01483
D00983,H01357
D00973,H00342
D08514,H01621
D00983,H00978
D01053,H01321
D00088,H00630
D00240,H01176
D00983,H01694
D01157,H01176
D00751,H00080
D01010,H00250
D09187,H01593
D11621,H01176
D00979,H01507
D00350,H01501
D01350,H00334
D00088,H01652
D12752,H01563
D00588,H01176
D00979,H01358
D00323,H00363
D01053,H00336
D00439,H01176
D02157,H01530
D00983,H00630
D02461,H01517
D00088,H00366
D00983,H01463
D00344,H00334
D00146,H01694
D00351,H01520
D00983,H01507
D00249,H01593
D00285,H00299
D00983,H00080
D01990,H01175
D00973,H01656
D00780,H01483
D00914,H01176
D02691,H01563
D00973,H00079
D00979,H01694
D00211,H00342
D00973,H01466
D00914,H00353
D00146,H00080
D02216,H00111
D00105,H00627
D00973,H01695
D00292,H01694
D02555,H00363
D02129,H00322
D07640,H01176
D02009,H00311
D00973,H01362
D00472,H01674
D00088,H01585
D00180,H00549
D00983,H01358
D02134,H01458
D00229,H00320
D00751,H01362
D01637,H01656
D02157,H01318
D00088,H01507
D03505,H01669
D00273,H00368
D00472,H01694
D00075,H00255
D03505,H01558
D00292,H00079
D00587,H00305
D00351,H01501
D00146,H01695
D00292,H01604
D00979,H00630
D00973,H01604
D00973,H01648
D01080,H00334
D00146,H01657
D02122,H00323
D00088,H01674
D00105,H01593
D00882,H00363
D01350,H00297
D00983,H00216
D02009,H00334
D00874,H00297
D00203,H01319
D00951,H00021
D00973,H01463
D07486,H00347
D11545,H00363
D00983,H00079
D00579,H00368
D00979,H01674
D00146,H00630
D10722,H01472
D00472,H01656
D00578,H01328
D00289,H01639
D01053,H00337
D00229,H00315
D00140,H00319
D00472,H01672
D00973,H01694
D00140,H00343
D00203,H01501
D02461,H01531
D02216,H01176
D00957,H00255
D00983,H01362
D02132,H01175
D00587,H00314
D00751,H01648
D00951,H01639
D00979,H00216
D09873,H01472
D00317,H00365
D00203,H00359
D00292,H01362
D00140,H01445
D00592,H01445
D00350,H01328
D00973,H01358
D00292,H01360
D00292,H01532
D00751,H01240
D00292,H01674
D00472,H00342
D00979,H01360
D00472,H01657
D01426,H00812
D00951,H00026
D00973,H00216
D01628,H01424
D00292,H01651
D11085,H01176
D11943,H02398
D03671,H01963
D00979,H01357
D01350,H00312
D00751,H01585
D00292,H01672
D02461,H01530
D01053,H01325
D05428,H01551
D00088,H01694
D06390,H01360
D12137,H01640
D00307,H00322
D00186,H00297
D00973,H00366
D00333,H00365
D00409,H00334
D00587,H00439
D00409,H01410
D00751,H00216
D01073,H00333
D00088,H01532
D00186,H00328
D00973,H01717
D02132,H00333
D00088,H01657
D00472,H00079
D00146,H01717
D00973,H01532
D00780,H01388
D00323,H00364
D02157,H01531
D02235,H00219
D11618,H01366
D00877,H00342
D00947,H00340
D00351,H01316
D00088,H01357
D02691,H00254
D02122,H00322
D00751,H01490
D01053,H00332
D00088,H01672
D00578,H02392
D00180,H01785
D01010,H00081
D02008,H01621
D10579,H01593
D00751,H01672
D00088,H01463
D02229,H01621
D00333,H00368
D00985,H01654
D05407,H00365
D00973,H00630
D00140,H00332
D00751,H00079
D02461,H00334
D01053,H00306
D00472,H00080
D00983,H01586
D00979,H01362
D04666,H00045
D00472,H01463
D00351,H01334
D00973,H00080
D00979,H01672
D00751,H00630
D00203,H00363
D00088,H01598
D11571,H01424
D00140,H00360
D01053,H00334
D00292,H01657
D00292,H00342
D02461,H01314
D00979,H01463
D00145,H01176
D00088,H01648
D00203,H01503
D11486,H00254
D00472,H00630
D00850,H00322
D00878,H00342
D00409,H00812
D00088,H00079
D00751,H01604
D02461,H00343
D00983,H01698
D00979,H00080
D00351,H01319
D00408,H00255
D00409,H00360
D02121,H01424
D00472,H01358
D00203,H02033
D00419,H01634
D00088,H00342
D00203,H00364
D11578,H00342
D00588,H00297
D00472,H00216
D02461,H01318
D02009,H00343
D02235,H00253
D00292,H01586
D01160,H01563
D00292,H01466
D00751,H01695
D00351,H01329
D04301,H00368
D01350,H01415
D00398,H00365
D00088,H01360
D00203,H01062
D00973,H01652
D02555,H01328
D00983,H01598
D00292,H01463
D00979,H00342
D00285,H01521
D10547,H00372
D00751,H01586
D00970,H01674
D00292,H01357
D00472,H01717
D00292,H01490
D00140,H00354
D00751,H01357
D00351,H01062
D10590,H01445
D00926,H01175
D00398,H00366
D02157,H00354
D00146,H01604
D11194,H00254
D00307,H00323
D00587,H00435
D00472,H01585
D00979,H01698
D00276,H01424
D01073,H01445
D00146,H01656
D01350,H00342
D02134,H00347
D00592,H01362
D00879,H00342
D01053,H00354
D02461,H01515
D00088,H01466
D00854,H01409
D00088,H01656
D00088,H01358
D00472,H01466
D02461,H00354
D02461,H01315
D00983,H01604
D01499,H01176
D00427,H01563
D02235,H02092
D00088,H01717
D00926,H00330
D02009,H00315
D00292,H01698
D10667,H01445
D00589,H01366
D10885,H01593
D00063,H00218
D10879,H01176
D01053,H00328
D11062,H01431
D00983,H01674
D00979,H01490
D00979,H01595
D00973,H01360
D00914,H00315
D00979,H01648
D00146,H01674
D00751,H01466
D00983,H01585
D08605,H01563
D09015,H01475
D02461,H00328
D00973,H01674
D00472,H01357
D01426,H00362
D00088,H00080
D00292,H00080
D01426,H01380
D00983,H01648
D00983,H01695
D00203,H01328
D01053,H00343
D00472,H01360
D00146,H01490
D00970,H00630
D10990,H00254
D10497,H01431
D00409,H01380
D00751,H01463
D00979,H01466
D00979,H01585
D01430,H00901
D00926,H00334
D00973,H01507
D00292,H01648
D12395,H01862
D00979,H00237
D00350,H01062
D02216,H00315
D00850,H00323
D01990,H00333
D11472,H02398
D00983,H01490
D00587,H00345
D00780,H00057
D01053,H01314
D11585,H01633
D00289,H01006
D00292,H00237
D00897,H01563
D00751,H00237
D00562,H01645
D00983,H01672
D05364,H01862
D00970,H01672
D03505,H00246
D00249,H00437
D00983,H01360
D00979,H01654
D00292,H01358
D02465,H00363
D04666,H01483
D00140,H00311
D00986,H01598
D00292,H01585
D00562,H00082
D01053,H00314
D00592,H00344
D00751,H01674
D10950,H01431
D00983,H01657
D02129,H00323
D00220,H01176
D00088,H01695
D00472,H01507
D01251,H00315
D10677,H01669
D00088,H01490
D01350,H00305
D06478,H01563
D01053,H00339
D00973,H01357
D00985,H01595
D00751,H01360
D00751,H01694
D00472,H01695
D01426,H00360
D00162,H00342
D00973,H01585
D00578,H00363
D00751,H01507
D00973,H01672
D11000,H01963
D00983,H00342
D00144,H00342
D00118,H01532
D00981,H01507
D00407,H01652
D00978,H01490
D00975,H00366
D00473,H00216
D02184,H00343
D00473,H01585
D00958,H00031
D05870,H00004
D02764,H00366
D01361,H00311
D00981,H00630
D00978,H01672
D11785,H00363
D00473,H01360
D00473,H01758
D02184,H00360
D00978,H01362
D11555,H00036
D00327,H02027
D00978,H01674
D02259,H01645
D00975,H01648
D00975,H01360
D00981,H01672
D00981,H00079
D01025,H00612
D00165,H01466
D11700,H00218
D00975,H01657
D00978,H01357
D10298,H00612
D00322,H00364
D00473,H01604
D03835,H01563
D00473,H01507
D05408,H01314
D00652,H00612
D00473,H00342
D02259,H00032
D00981,H01657
D00018,H01580
D05408,H00337
D05725,H00789
D00981,H01585
D00981,H00080
D00981,H01099
D00978,H01648
D00118,H00630
D00990,H01639
D01361,H00354
D00981,H00342
D09574,H00821
D00407,H01672
D03903,H00322
D00407,H01463
D10566,H01483
D00981,H00216
D00975,H00079
D04715,H00036
D10210,H00342
D00473,H01362
D03256,H00368
D00981,H00083
D08774,H00320
D00981,H01502
D00978,H00237
D11558,H00612
D00473,H01648
D00222,H00366
D00975,H01694
D00981,H01521
D00322,H00363
D10854,H00612
D00401,H00082
D09574,H01651
D00975,H01598
D00975,H01507
D00990,H02018
D00327,H00255
D11555,H00020
D00473,H01672
D00407,H01656
D06274,H00612
D00975,H01463
D00473,H01521
D00978,H01657
D09916,H00218
D05408,H00339
D11033,H00045
D00981,H01714
D02184,H00311
D11516,H01651
D03635,H00275
D10685,H00218
D00407,H01674
D03211,H00363
D00978,H00080
D06087,H00255
D02184,H00354
D00473,H00079
D00591,H00342
D00407,H00630
D00327,H00031
D05408,H00334
D05394,H01483
D10566,H01431
D02501,H00363
D00473,H00080
D00978,H01507
D00356,H00612
D00473,H00346
D02501,H01328
D00981,H01299
D03297,H02040
D00978,H00342
D01276,H01563
D00473,H00286
D00221,H00218
D00975,H00080
D00473,H01714
D00978,H01466
D00407,H01358
D00978,H01358
D00981,H00237
D00981,H01490
D02193,H00612
D00975,H00630
D00473,H01358
D00473,H01490
D00981,H00346
D00987,H01388
D00407,H01507
D00978,H01698
D01162,H00821
D11748,H00821
D02200,H01502
D00407,H00080
D00981,H01358
D00981,H01598
D00141,H01532
D11987,H00013
D02312,H00235
D00407,H01585
D00975,H01717
D01361,H00319
D00290,H00323
D02374,H00612
D00975,H01585
D00924,H01176
D00473,H01502
D00222,H00365
D00407,H01490
D00128,H01175
D01361,H00343
D02184,H00332
D00218,H00612
D01413,H00024
D00473,H00630
D05697,H01457
D00473,H01240
D00981,H01606
D00407,H01466
D06087,H02176
D00975,H01532
D00981,H01698
D02004,H00057
D09574,H00020
D00975,H01695
D00981,H00286
D00416,H00363
D00599,H00612
D05408,H00328
D00981,H01604
D00978,H01695
D00118,H01674
D00473,H01674
D00981,H01873
D09574,H01457
D00122,H01669
D09336,H01639
D00978,H01604
D00994,H01594
D03903,H00323
D00978,H01463
D06087,H02027
D00975,H01656
D00473,H01694
D00604,H01633
D00978,H00630
D00221,H01714
D00975,H01357
D02185,H00218
D00407,H01657
D00981,H01586
D11613,H01053
D00473,H01357
D02200,H00612
D10966,H00612
D00975,H00342
D00978,H01360
D05408,H00343
D05408,H00332
D00407,H01357
D00473,H00237
D00975,H01466
D08493,H00612
D11198,H00363
D00975,H00216
D00473,H01598
D00958,H00255
D01108,H01210
D00981,H01758
D02185,H00111
D00473,H01586
D01043,H01551
D00753,H00896
D01361,H00360
D00981,H01695
D03696,H01358
D00141,H00630
D00407,H00342
D00473,H01463
D00978,H01586
D11042,H00218
D00981,H01466
D00407,H00216
D00407,H01604
D05697,H01651
D00473,H01299
D04715,H00020
D00659,H01360
D05870,H00005
D00407,H00079
D00930,H01669
D00981,H01328
D01361,H00332
D01619,H01358
D00975,H01358
D00981,H01362
D05408,H00306
D08872,H01366
D00407,H01362
D00978,H01694
D00915,H00315
D00118,H01672
D01063,H00334
D00407,H01694
D00290,H00322
D05408,H00336
D00401,H01645
D00981,H01674
D00407,H01648
D06606,H01630
D00473,H01606
D00975,H01652
D11031,H00612
D00978,H01585
D01009,H01669
D00653,H00612
D00905,H00334
D02184,H00319
D05870,H00012
D00899,H01563
D00407,H01695
D00378,H00612
D01964,H00612
D05408,H01325
D00981,H01463
D12335,H00024
D05870,H00219
D11516,H00821
D06078,H01593
D00981,H01360
D00095,H01359
D00294,H01267
D00975,H01672
D02217,H01593
D01196,H00612
D00473,H01466
D00135,H00342
D00407,H01717
D05408,H00354
D00407,H01360
D00330,H00630
D00473,H01328
D00981,H01648
D00981,H01357
D00655,H00612
D00978,H00079
D02119,H00334
D00753,H00083
D13024,H00218
D00141,H01674
D05697,H00821
D00975,H01674
D02764,H00365
D01619,H01652
D02234,H01360
D01552,H00058
D00387,H01609
D00668,H01360
D06282,H01641
D00324,H00079
D01179,H01459
D00370,H01609
D08575,H00059
D04747,H01703
D11630,H01714
D00685,H01714
D05429,H01714
D11490,H01293
D03896,H00218
D02580,H01646
D00671,H01360
D10252,H01360
D05866,H01293
D00184,H00630
D11572,H01360
D01205,H01653
D10978,H01714
D00831,H00361
D00484,H01646
D11619,H01646
D02114,H01595
D07353,H00812
D04127,H01490
D11771,H00079
D02212,H01714
D10133,H01646
D01027,H01623
D10689,H01596
D02484,H00361
D00246,H00286
D00540,H01714
D02114,H00080
D00246,H00079
D12439,H00058
D05375,H01664
D00529,H00079
D00598,H01633
D00368,H01090
D01211,H00020
D00127,H00630
D00687,H01714
D12403,H01662
D01179,H01662
D11989,H01895
D05375,H01646
D01373,H01714
D00534,H01054
D00706,H01609
D01296,H01293
D00871,H01445
D01192,H01360
D00818,H01646
D01708,H00079
D03215,H01293
D01703,H01360
D00380,H00409
D00368,H01092
D09595,H00079
D02112,H01587
D00821,H01664
D06409,H01554
D00529,H01360
D00488,H00435
D02482,H00361
D11394,H00036
D07445,H01895
D06315,H01360
D06409,H00020
D10398,H00024
D00669,H01600
D02074,H01293
D01296,H01895
D08699,H01714
D04747,H01895
D00184,H00083
D00598,H00612
D09699,H01646
D02486,H00362
D00360,H01054
D06409,H00027
D00487,H01594
D00821,H01646
D00669,H01609
D00821,H01670
D00670,H00056
D00228,H01646
D10256,H01714
D02689,H01609
D00814,H01358
D11630,H00079
D12403,H01646
D12133,H01366
D00804,H01054
D09595,H01714
D02567,H01646
D02408,H01646
D05113,H01611
D06315,H00079
D06409,H00048
D08357,H01519
D01179,H01636
D00368,H01046
D02076,H00612
D00815,H01646
D06409,H00014
D03693,H01360
D08837,H01714
D00184,H01641
D00236,H01521
D02173,H00056
D00685,H00079
D00368,H01091
D10295,H00079
D08071,H01646
D09881,H01563
D02574,H01895
D11036,H01714
D00816,H01646
D02074,H01895
D00480,H01360
D00391,H00365
D08118,H01360
D00311,H01609
D00131,H01611
D12400,H00440
D00834,H01521
D01179,H01646
D10181,H01714
D05277,H01714
D10206,H01646
D02486,H00356
D01703,H00079
D10185,H01646
D11083,H00821
D07353,H01380
D11493,H00136
D05429,H00079
D04999,H01895
D02572,H01895
D00488,H00361
D11252,H00357
D10533,H01714
D02780,H01611
D06409,H00021
D11916,H00845
D02724,H00612
D00817,H01646
D00804,H01100
D03740,H01895
D00687,H00079
D10082,H01609
D02567,H01662
D00871,H00349
D00517,H01632
D00246,H01466
D01832,H01293
D06409,H00042
D09874,H00079
D00833,H00358
D02114,H00630
D00360,H02423
D02242,H01895
D10964,H00067
D00820,H01646
D05375,H01662
D07364,H01048
D05375,H01450
D11394,H00020
D00184,H01656
D00804,H01043
D01373,H00079
D00077,H01054
D11022,H01609
D00603,H00612
D00411,H00079
D11035,H01714
D00822,H01646
D02624,H01609
D10020,H01714
D02114,H00361
D01205,H01649
D00814,H01609
D01211,H00036
D10794,H00845
D03721,H01895
D01452,H00612
D10374,H01641
D00540,H01634
D06409,H01665
D12754,H00845
D00246,H01360
D10505,H01714
D11328,H01293
D08699,H00079
D00821,H01662
D10206,H01653
D10441,H00612
D06409,H00030
D11887,H01609
D10228,H01596
D03925,H00343
D00823,H01646
D00809,H01646
D03682,H01463
D10192,H00029
D04603,H00021
D00275,H00023
D02994,H01655
D01223,H00031
D01223,H00018
D12336,H02398
D06397,H00024
D09960,H00012
D06320,H01463
D11487,H00017
D00567,H00630
D01061,H00020
D11678,H00056
D09960,H01358
D05374,H01662
D11048,H01358
D10541,H00056
D04905,H00056
D12202,H00054
D09314,H01490
D11977,H00020
D12757,H00079
D07085,H02418
D09920,H00032
D00423,H00413
D02570,H01646
D02166,H01490
D02472,H00361
D10446,H00031
D10193,H00975
D11390,H00003
D11725,H00046
D11053,H00020
D04603,H00020
D00688,H00079
D11875,H00283
D12227,H00381
D05374,H01646
D02745,H00041
D10192,H01418
D08956,H00004
D11833,H02434
D10316,H00020
D11990,H02434
D09920,H00021
D05380,H02427
D05251,H00079
D03822,H00056
D12493,H01646
D11090,H00003
D09314,H00005
D00573,H01639
D01907,H00005
D03441,H00630
D02994,H01648
D09996,H02425
D10161,H00630
D11072,H01490
D11027,H00012
D02597,H00681
D00689,H00079
D02697,H00022
D00967,H00031
D11713,H00014
D00142,H01656
D01223,H00019
D11108,H00014
D02597,H01507
D02078,H01895
D02262,H00361
D11510,H00097
D10192,H00044
D11713,H00032
D07938,H01646
D11529,H00014
D11382,H01563
D05589,H01892
D11048,H00630
D11986,H00100
D05134,H00002
D11017,H02309
D09319,H01714
D05374,H01450
D10316,H00014
D05744,H01656
D01264,H00003
D11012,H00014
D09967,H01674
D01747,H00003
D00134,H01047
D10967,H01490
D10501,H00079
D00823,H01450
D10941,H00845
D00825,H01450
D00825,H01664
D00742,H01674
D10450,H00014
D08985,H00079
D10898,H00031
D02747,H00412
D00895,H01563
D10808,H00013
D09783,H00630
D10316,H00013
D00824,H01450
D02745,H01613
D10756,H01563
D10560,H00005
D10018,H00014
D11529,H02421
D02597,H00286
D01977,H00014
D11811,H00058
D10733,H00031
D07866,H00014
D10808,H00014
D06503,H00015
D02934,H01275
D02745,H00413
D00825,H01646
D00471,H01045
D04431,H00412
D11833,H01613
D00142,H01672
D02815,H00041
D04603,H00038
D09630,H01481
D12269,H02398
D02908,H02429
D00530,H01609
D11090,H00046
D12055,H00014
D06109,H00004
D02994,H00630
D07866,H02420
D02597,H01672
D00690,H00079
D02745,H00412
D09966,H00038
D02260,H01646
D00896,H01563
D09920,H00048
D11880,H01464
D10316,H00048
D00811,H01450
D11990,H01613
D10729,H00039
D09400,H00024
D02597,H00630
D00563,H01646
D12315,H00010
D00142,H00630
D02994,H02418
D11011,H00031
D07133,H01563
D10670,H00361
D06248,H02018
D10900,H00413
D03639,H01490
D11052,H00286
D10744,H01714
D12262,H02398
D12162,H01563
D09325,H00001
D03829,H00398
D02934,H00282
D06407,H01592
D11894,H00014
D01370,H00006
D00353,H01563
D01223,H00017
D11557,H00372
D02126,H00361
D11296,H01605
D00829,H00043
D10954,H01554
D10745,H00413
D09673,H00845
D10316,H00021
D11353,H01591
D10297,H00079
D05084,H01043
D00688,H01714
D09783,H01674
D02125,H00361
D02745,H00006
D00825,H01670
D11967,H02499
D11052,H01507
D10549,H01563
D00420,H00033
D06889,H00100
D10571,H01563
D10851,H01563
D06248,H00024
D02494,H00359
D07793,H01646
D00457,H01609
D11658,H00005
D03441,H01507
D10926,H02421
D10316,H00018
D04923,H00079
D02745,H00038
D00363,H00007
D10604,H00038
D04023,H00014
D11380,H00401
D12177,H00010
D11529,H00018
D01336,H01360
D04645,H00031
D10755,H01563
D00661,H01502
D00266,H00005
D00573,H00031
D06657,H00014
D03222,H00083
D00275,H00027
D09783,H01466
D00823,H01664
D01061,H00019
D00819,H01646
D02260,H01670
D02558,H00056
D11090,H01481
D11073,H00014
D10777,H00010
D02597,H01656
D00567,H01674
D11601,H02434
D00134,H01153
D07866,H00031
D11279,H01591
D06657,H00048
D11556,H00010
D10954,H01665
D11525,H00022
D10218,H00024
D00583,H00022
D02095,H01611
D10316,H02420
D00266,H00007
D10982,H00027
D11048,H01674
D11857,H01714
D11107,H00003
D09761,H01463
D10967,H01466
D10888,H00024
D10316,H00022
D10753,H01563
D12234,H00013
D06271,H02352
D09996,H00038
D04318,H01490
D02908,H00042
D00690,H01360
D11454,H00014
D09669,H01479
D11713,H01592
D02597,H01466
D11052,H01656
D00823,H01703
D08880,H00010
D10701,H00059
D06067,H00042
D05374,H01670
D00742,H01656
D12923,H00111
D02125,H00360
D00583,H00228
D02994,H00005
D00435,H01563
D02078,H01293
D10926,H00014
D10687,H01054
D07866,H00024
D07866,H00018
D09960,H01372
D10835,H01563
D11021,H00398
D10979,H00031
D00567,H01672
D04023,H00019
D11159,H01387
D09967,H01507
D11712,H01592
D10827,H00413
D11560,H00031
D04603,H00048
D09960,H01605
D10316,H00017
D10808,H00048
D10551,H00014
D05374,H01664
D00583,H00083
D00963,H00031
D10294,H01662
D10113,H01563
D09920,H00026
D10294,H01646
D00371,H00079
D00094,H01445
D10688,H00031
D12607,H00401
D12205,H01321
D11338,H02434
D11048,H01507
D12301,H00020
D11967,H00010
D11416,H00043
D11052,H01466
D09728,H00004
D11675,H01437
D10954,H00027
D03058,H00083
D03218,H00021
D02748,H00413
D04008,H00412
D10761,H02434
D05706,H00328
D05380,H00021
D00742,H00630
D01929,H00079
D12207,H01321
D06503,H00014
D01935,H00014
D10501,H01714
D11529,H00031
D11827,H01555
D11954,H00021
D01199,H01563
D04314,H01646
D10605,H00412
D00445,H01563
D10131,H00010
D10776,H00328
D10985,H00031
D10733,H00024
D11053,H00038
D10192,H00030
D11108,H00040
D00266,H01613
D02597,H01674
D00812,H01646
D10931,H01466
D01929,H01714
D00823,H01653
D03106,H01463
D09733,H00014
D02747,H00413
D03441,H01674
D10316,H00038
D03021,H01481
D02195,H00330
D00353,H00412
D00775,H00058
D10798,H01613
D03441,H00286
D00742,H01672
D00666,H01360
D09674,H00845
D05744,H01714
D02994,H01658
D11878,H00414
D00742,H01507
D10297,H01714
D01223,H00020
D00275,H00022
D11814,H00030
D09783,H01672
D00689,H01360
D00573,H00024
D10400,H01656
D10316,H00007
D02166,H00024
D07085,H00005
D11417,H00046
D02745,H01418
D09967,H01656
D02748,H00038
D06413,H00004
D11108,H00039
D11048,H01466
D10578,H00413
D09783,H01656
D10190,H00021
D10071,H01656
D11050,H00010
D02260,H01664
D10316,H00015
D00826,H01646
D05443,H01519
D11404,H00004
D09960,H00084
D11282,H01563
D11392,H01563
D01370,H01490
D02934,H00630
D11712,H00014
D00155,H00006
D11954,H00559
D12115,H02398
D12301,H00014
D11712,H00032
D06109,H00003
D09701,H00024
D01155,H00027
D09730,H00031
D11366,H00026
D10574,H00021
D10024,H01437
D12749,H00229
D00491,H00031
D10438,H01656
D11870,H00010
D07253,H01481
D00491,H00027
D12282,H00010
D02060,H00746
D09321,H01613
D12114,H02398
D09731,H01601
D10832,H01563
D09214,H01656
D06402,H00045
D00168,H01668
D10137,H01591
D10927,H00022
D00341,H00229
D00616,H01633
D01441,H01591
D09587,H01601
D12684,H01594
D00214,H02421
D01068,H00028
D06677,H01563
D12483,H00003
D00483,H01632
D04112,H01563
D00287,H00005
D10766,H00014
D11463,H01613
D02197,H00043
D00584,H00039
D09315,H00288
D03203,H01507
D01068,H01512
D02596,H02398
D12334,H00038
D01748,H01625
D00515,H01742
D02714,H00021
D11816,H00084
D02168,H00027
D01068,H00041
D00125,H00013
D09980,H00031
D11014,H00413
D11848,H01481
D02168,H00013
D06504,H00377
D00287,H00003
D00483,H01730
D01441,H01590
D10176,H00032
D10574,H00040
D09315,H00206
D00483,H00731
D11895,H00027
D07077,H01621
D09932,H00006
D00752,H00083
D00287,H01463
D00609,H01633
D10526,H00018
D10574,H00014
D01068,H00023
D06637,H01892
D10889,H01605
D03327,H00017
D09587,H00007
D10176,H00014
D10430,H01621
D10135,H01621
D08775,H01563
D00748,H00021
D06637,H01463
D02596,H01698
D02498,H01563
D06675,H00412
D11393,H02434
D11930,H00228
D00214,H00023
D06213,H01621
D00287,H01657
D08776,H01321
D03978,H01132
D00614,H01631
D09730,H00027
D03327,H01901
D06670,H01563
D10526,H00020
D00891,H01563
D05597,H01730
D11485,H01613
D06402,H00021
D01441,H00004
D00989,H02018
D11480,H00229
D11969,H00014
D11863,H00029
D08914,H02427
D02714,H01692
D01028,H01132
D05029,H01511
D00254,H00007
D11863,H02420
D10574,H00017
D00965,H00024
D05384,H02309
D11039,H01563
D10773,H00013
D12835,H00225
D10574,H00031
D10095,H00021
D01275,H00003
D10514,H00014
D09371,H00020
D06068,H00021
D10893,H01464
D02714,H00045
D00235,H01730
D00287,H00043
D11371,H00031
D02598,H01674
D09587,H01463
D01363,H00027
D00491,H00014
D00443,H01603
D03931,H01006
D10574,H00038
D10773,H00048
D02841,H00027
D10574,H02420
D06261,H00111
D01068,H01463
D02598,H00286
D00287,H00007
D09731,H00014
D00331,H01633
D00254,H00042
D10679,H00005
D10452,H00024
D10095,H00032
D10003,H01763
D00254,H02418
D10574,H00030
D02499,H01563
D02115,H01656
D11044,H00003
D06402,H01591
D09730,H00024
D03257,H00031
D03257,H00018
D10469,H00413
D11330,H00229
D09958,H01563
D10574,H00018
D04554,H01490
D00747,H00098
D10455,H01321
D11393,H01613
D10773,H00031
D02115,H00028
D02214,H00031
D10574,H00007
D10574,H00048
D04024,H00031
D11485,H02427
D10223,H00084
D00214,H00035
D10582,H00413
D03150,H00010
D00443,H01657
D09587,H01892
D10223,H00011
D05721,H01730
D06414,H00001
D11079,H01491
D10615,H00038
D01275,H00032
D05932,H00045
D00287,H00010
D02115,H01463
D00961,H00024
D02115,H02420
D08933,H00001
D10817,H01555
D11876,H01594
D00747,H00436
D11323,H01613
D11895,H01665
D01982,H01563
D01275,H00010
D01275,H02418
D02596,H00630
D10773,H00014
D00638,H00731
D03150,H01464
D09992,H00039
D06414,H00004
D02177,H00023
D06272,H00032
D02115,H00031
D10574,H02421
D09951,H00004
D02598,H00630
D00208,H00612
D11123,H01466
D12833,H00038
D10308,H00630
D01275,H02301
D02197,H02418
D10574,H00022
D08860,H01656
D13022,H00001
D09214,H01466
D09572,H01622
D00107,H00083
D11045,H00024
D12337,H00024
D03259,H00003
D10095,H00048
D00900,H00398
D12245,H00014
D09321,H00005
D01275,H00041
D12723,H00117
D01302,H01633
D12180,H00010
D01441,H00001
D00341,H02420
D02177,H00040
D02116,H00024
D10366,H00413
D00491,H00041
D05700,H01632
D11934,H00031
D01748,H01626
D00343,H00023
D12066,H01663
D00106,H01621
D00369,H00010
D10104,H00014
D03203,H00630
D02714,H00031
D10308,H02398
D02197,H02301
D10574,H00020
D06272,H00021
D00345,H01633
D10574,H02434
D02177,H00007
D11393,H00005
D11408,H01096
D11138,H02421
D00287,H00027
D00214,H02301
D01068,H00031
D08971,H02418
D01275,H02427
D09017,H01730
D02197,H00037
D10095,H01592
D03978,H01240
D10061,H01656
D10372,H00031
D10624,H01563
D06284,H00366
D05803,H00003
D10269,H01633
D09951,H00001
D09214,H00286
D01155,H00031
D01655,H00412
D02168,H00030
D11768,H01605
D11422,H01464
D12368,H02434
D03651,H01642
D10845,H01006
D11386,H00001
D00483,H01577
D00515,H01730
D03455,H02420
D12050,H01464
D02115,H00630
D11863,H01418
D00964,H00031
D10104,H00032
D01275,H00027
D09939,H02427
D09371,H00018
D12206,H00380
D02115,H02418
D10308,H01158
D00616,H01632
D00478,H00007
D10137,H00020
D02197,H00007
D03665,H01481
D11141,H00031
D08914,H00031
D10893,H00005
D02115,H01672
D01790,H00020
D10574,H01555
D10817,H00022
D10205,H01398
D02596,H01672
D02714,H00083
D00483,H01482
D10559,H02301
D02598,H01656
D09371,H00014
D01161,H00031
D11863,H01559
D10836,H01563
D00254,H00010
D00746,H01490
D10778,H00413
D01982,H00412
D09315,H00912
D10773,H00022
D09730,H00019
D10396,H01299
D10176,H00038
D00288,H00007
D05597,H01632
D02721,H01621
D11396,H01563
D10211,H00975
D00418,H01633
D03063,H00342
D11847,H00219
D12050,H00005
D08860,H01507
D00148,H00995
D06635,H00282
D00966,H00031
D03203,H00084
D10270,H01633
D00902,H00398
D05095,H00083
D00341,H00004
D09033,H01500
D09371,H00048
D03353,H01723
D10800,H00003
D08870,H01892
D00989,H01639
D10679,H00003
D10483,H01490
D00214,H00037
D09956,H00003
D02714,H01691
D00413,H01563
D12963,H01621
D01337,H01621
D01441,H02410
D08971,H00010
D00989,H01640
D01275,H00043
D00515,H01632
D00960,H00031
D11395,H01563
D11863,H00044
D04187,H01490
D12359,H00031
D00288,H00038
D10600,H01563
D01275,H00022
D00431,H01657
D10708,H01563
D06644,H00024
D02398,H00024
D02116,H02018
D02737,H00401
D00989,H00024
D00296,H01563
D00748,H00038
D10838,H01563
D01275,H00031
D04872,H01463
D00287,H01513
D10453,H00338
D12874,H00398
D00168,H00003
D02177,H00028
D10891,H00014
D10307,H00978
D00254,H01667
D09315,H00282
D02598,H01466
D10866,H00014
D06272,H00048
D10137,H00048
D01441,H01599
D10817,H00021
D00235,H01633
D10801,H00368
D09337,H00010
D01275,H00007
D11863,H00030
D06199,H02427
D11040,H00024
D12058,H00010
D01275,H00018
D00235,H01632
D00168,H00004
D09315,H01672
D10104,H00038
D00769,H01730
D03231,H01642
D11672,H00031
D08173,H00010
D10223,H01464
D05350,H00020
D00491,H00019
D08858,H01381
D00501,H01629
D01155,H00014
D11527,H00018
D11595,H00010
D00125,H00023
D06347,H00384
D10270,H01657
D12531,H00022
D11562,H00366
D08860,H01476
D03455,H00020
D00483,H01633
D02106,H02542
D00443,H01633
D09670,H01621
D00287,H00031
D09214,H01507
D00586,H00024
D12014,H02398
D09572,H01621
D11644,H00013
D01028,H00225
D00248,H00004
D00382,H01633
D10271,H01633
D12368,H00008
D00513,H01633
D00208,H00022
D07253,H00003
D01068,H00007
D02177,H02418
D03203,H01672
D02596,H01492
D00287,H00008
D02598,H01507
D00369,H00027
D07507,H01563
D10223,H00005
D11215,H01490
D00405,H01633
D03235,H00100
D11895,H01554
D05029,H00003
D01748,H01620
D10874,H01642
D01155,H00019
D00107,H01358
D12129,H02398
D11441,H01663
D11835,H00042
D09575,H01563
D12296,H00038
D10574,H00026
D01441,H01511
D05446,H00031
D00611,H01633
D10591,H01633
D11701,H00228
D00516,H01632
D00059,H00057
D00939,H00437
D00801,H01653
D04492,H01006
D01164,H01653
D00702,H01662
D00754,H00010
D01115,H01633
D02340,H01653
D00789,H00337
D01277,H00057
D01277,H01614
D03684,H00010
D02802,H00005
D11261,H00219
D00354,H01653
D00635,H01633
D00049,H01635
D10821,H00219
D00519,H01633
D12500,H00219
D04486,H01593
D00656,H01633
D00458,H01653
D11160,H00225
D00507,H01633
D00255,H01633
D11406,H00455
D11576,H01634
D03361,H01730
D05206,H01730
D12815,H01132
D00225,H01662
D00458,H01649
D00479,H01649
D00694,H01662
D00789,H01649
D09365,H00430
D00559,H01597
D00109,H01730
D00454,H01653
D00754,H01473
D00386,H01657
D06622,H01633
D04641,H00057
D01847,H00731
D00059,H01600
D01136,H00219
D12613,H01006
D00601,H01730
D09766,H01730
D01164,H01646
D02995,H01653
D00049,H01742
D00426,H01649
D00787,H01600
D08797,H00219
D00463,H01672
D03234,H01593
D00701,H01662
D00503,H01649
D01939,H01649
D00777,H00398
D00560,H00862
D11078,H01642
D00313,H01657
D03846,H01490
D01206,H01532
D00701,H01609
D00280,H01813
D00496,H00210
D04148,H01813
D00475,H01532
D09348,H01240
D05340,H01649
D11696,H01053
D11243,H01490
D00608,H01633
D01227,H01621
D11120,H00109
D00778,H01600
D00535,H01460
D00109,H01632
D01096,H01357
D12252,H01053
D01096,H01358
D00789,H01653
D00272,H01657
D00672,H01357
D02247,H01600
D09994,H01621
D02272,H00731
D00247,H01657
D00283,H01649
D10516,H01653
D10267,H01633
D00601,H01633
D00600,H01633
D00354,H01813
D10915,H01813
D00252,H01638
D00280,H01664
D02340,H01649
D00968,H00630
D11576,H01672
D00559,H00057
D00793,H01649
D00432,H01633
D00454,H01649
D10199,H01459
D00049,H01730
D00601,H01632
D01310,H01609
D10633,H01456
D00432,H01632
D00374,H01649
D00672,H01358
D12396,H01006
D03213,H01723
D00939,H01593
D03415,H01633
D00693,H01611
D11094,H01006
D01164,H01649
D00463,H00630
D11576,H01674
D00304,H01653
D00340,H01633
D12908,H00219
D03940,H01594
D04148,H01818
D10915,H00915
D08990,H01240
D00796,H01649
D00224,H01532
D03940,H01434
D00049,H01637
D00606,H01633
D10476,H00978
D06623,H01649
D00225,H01664
D02802,H01490
D10791,H00455
D03471,H01657
D01277,H01005
D00426,H01653
D10913,H02143
D00633,H01730
D10172,H01490
D02562,H00057
D03234,H00437
D00597,H01633
D12434,H00219
D00606,H01895
D03234,H01709
D02995,H01649
D00635,H06132
D03940,H01491
D00676,H01588
D01939,H01653
D12633,H01963
D10516,H01649
D00293,H01662
D00939,H01709
D10156,H01593
D11769,H01649
D12265,H00292
D11674,H01006
D09900,H01963
D10825,H00057
D00644,H01633
D11190,H01749
D03940,H01053
D11757,H01491
D00241,H01490
D03684,H01470
D10915,H01818
D05928,H01818
D03684,H01593
D11574,H01532
D00272,H01633
D11576,H00630
D00630,H01632
D00701,H01645
D10293,H00057
D00634,H01633
D03068,H00080
D02274,H01490
D12356,H01594
D08035,H00862
D09744,H00409
D01253,H01813
D05768,H00057
D00709,H00808
D01968,H01709
D04300,H01819
D09876,H01649
D00332,H01624
D11528,H01963
D00428,H00630
D00318,H01634
D11054,H01434
D00784,H01597
D01968,H00437
D00537,H01813
D02246,H01600
D09756,H00409
D00799,H01649
D00570,H00288
D11780,H02311
D10263,H00409
D09566,H00409
D10377,H00148
D00794,H01649
D05014,H01475
D00238,H00630
D10364,H01649
D00253,H00057
D11928,H02060
D05868,H00185
D11838,H02398
D00673,H01634
D11744,H01940
D05768,H01597
D05218,H01490
D03207,H01940
D00749,H00630
D00786,H00057
D10245,H00320
D00446,H01634
D06404,H00409
D10699,H01342
D10752,H00409
D00941,H00437
D00727,H01466
D11170,H01653
D00942,H00437
D05031,H00125
D09592,H00409
D01583,H01299
D10333,H00123
D09539,H01597
D11477,H00106
D08035,H01649
D00355,H01522
D06886,H00286
D13092,H00551
D08969,H00057
D00448,H00630
D00237,H00630
D10459,H00409
D07130,H01032
D11067,H00409
D00355,H01634
D02593,H01602
D11988,H01963
D02100,H01649
D01898,H01649
D11208,H01467
D11798,H01940
D00335,H00409
D05259,H00320
D06553,H00409
D00355,H00320
D12150,H00176
D01118,H01600
D11034,H00409
D00379,H00409
D00490,H01132
D02554,H01506
D10120,H01602
D09355,H01615
D00136,H00862
D11154,H01490
D11575,H01634
D00736,H00210
D11004,H00132
D11649,H00210
D00783,H01608
D11360,H00409
D02715,H01466
D00593,H00409
D00169,H01674
D06053,H01469
D10025,H00409
D10775,H00320
D11091,H00630
D08976,H00010
D00786,H01600
D10247,H01634
D02784,H00125
D00942,H01593
D12117,H01653
D00282,H00363
D10120,H01522
D05868,H00164
D00717,H01615
D05032,H01940
D04056,H01634
D00314,H00437
D02274,H01097
D00448,H01672
D10595,H00213
D00781,H00057
D00163,H01213
D09974,H00034
D05339,H01649
D12743,H01963
D00169,H00630
D10813,H00149
D09675,H00126
D00015,H00229
D09316,H01532
D05259,H01634
D10586,H00409
D02716,H01624
D06645,H00409
D12117,H01649
D00594,H00409
D10120,H01634
D05578,H02310
D00724,H01634
D09889,H00409
D11170,H01649
D05578,H02145
D05259,H01522
D04121,H00409
D00724,H00320
D05032,H00126
D00318,H01602
D00481,H01634
D10403,H01615
D10699,H00205
D11575,H00630
D11856,H00409
D01968,H00010
D00355,H01602
D00448,H01466
D03731,H01646
D00462,H01593
D00673,H01522
D04820,H01649
D00942,H01709
D01968,H01593
D11707,H01963
D10309,H01649
D09948,H01615
D00724,H01602
D13092,H00624
D11817,H01656
D00724,H01522
D02716,H01459
D09539,H01624
D10309,H01646
D10841,H01593
D10244,H00409
D09921,H01532
D00785,H00057
D01111,H00409
D09680,H02402
D12182,H01594
D04820,H01653
D10191,H00057
D00238,H00083
D05008,H01602
D05868,H00187
D10127,H01398
D05259,H01602
D10247,H01615
D04056,H01602
D00784,H00057
D10246,H00320
D02593,H01522
D00490,H01605
D09848,H00409
D10159,H00409
D05868,H01398
D00596,H00409
D12816,H01602
D06886,H01490
D11928,H02105
D02716,H01636
D03228,H00125
D09876,H01653
D11054,H01053
D05177,H00165
D11082,H00080
D09894,H00126
D00318,H01522
D09394,H00338
D10253,H00409
D00570,H01532
D00253,H01600
D11928,H02106
D05775,H01813
D11559,H00455
D11711,H00409
D00798,H01649
D05919,H01331
D00216,H00409
D11114,H00320
D10557,H01635
D11388,H01633
D01093,H01334
D04107,H00023
D10952,H00551
D00886,H01334
D00295,H01522
D10289,H01633
D11225,H01445
D04670,H00128
D10021,H01316
D11646,H01445
D09219,H01633
D00881,H01316
D02500,H02429
D00719,H01615
D01984,H01522
D10820,H00137
D11685,H00125
D11581,H01633
D11522,H01563
D03093,H01445
D00455,H01102
D03488,H01652
D09360,H01467
D09196,H01633
D00622,H01633
D02094,H01566
D08843,H00409
D10299,H01109
D03503,H01602
D08488,H01635
D11222,H00010
D01984,H01602
D10285,H01633
D11931,H00155
D00627,H01633
D10273,H01633
D10792,H01445
D02500,H00029
D10275,H01633
D04358,H00630
D01915,H00155
D01132,H01656
D02165,H00018
D01984,H01634
D02165,H00014
D01966,H01635
D00734,H01467
D05782,H00115
D10249,H01633
D00885,H01316
D08488,H01742
D04358,H01507
D01132,H01445
D09985,H00198
D11858,H00320
D06565,H00131
D00129,H01656
D02258,H01730
D00349,H01633
D00868,H00360
D11931,H02505
D10589,H01633
D00944,H00409
D11776,H01581
D00209,H01316
D04409,H01656
D02030,H01589
D10281,H01633
D10266,H00409
D01966,H00152
D11400,H01358
D03020,H00126
D10268,H01633
D01125,H01656
D01966,H00155
D10466,H01602
D10468,H00275
D00295,H01634
D10691,H00155
D03582,H00409
D10279,H01633
D00886,H01316
D00523,H01456
D03697,H01656
D00945,H00409
D11114,H01522
D11095,H01635
D05480,H01358
D11451,H01445
D10952,H00624
D00334,H01635
D04687,H01613
D02219,H01316
D04358,H01674
D10272,H01633
D02258,H01635
D10335,H01635
D02082,H01633
D08083,H01466
D09633,H01358
D01364,H01334
D00233,H01656
D04859,H00368
D04768,H02677
D10557,H00155
D01272,H01656
D11550,H01656
D02165,H00031
D00357,H01456
D02829,H01615
D11365,H01656
D00437,H01633
D10354,H01358
D04768,H00601
D10587,H00409
D00565,H01635
D11257,H01467
D11926,H00117
D10466,H00320
D10300,H01316
D08890,H01635
D11069,H01633
D00615,H01633
D10592,H01633
D00621,H01633
D10288,H01633
D00455,H01602
D02258,H01632
D00400,H01633
D09393,H02429
D01112,H01445
D10873,H01358
D00565,H01637
D00880,H00363
D11881,H01742
D00357,H01633
D11723,H01633
D11521,H01563
D00336,H00409
D00623,H01633
D00421,H01633
D09013,H00408
D04687,H00010
D02735,H01608
D11708,H00202
D06408,H00210
D10335,H01730
D00618,H01633
D11971,H02398
D10264,H00409
D10278,H01633
D08488,H01632
D00383,H01633
D00619,H01633
D00892,H00155
D02500,H01418
D11932,H01656
D10865,H00409
D00619,H00731
D00434,H01635
D11705,H01633
D10602,H01445
D05815,H01652
D11653,H01615
D03065,H01459
D01915,H01637
D10850,H01360
D11092,H01635
D00437,H01632
D00626,H01633
D12293,H02505
D03488,H01316
D08083,H00286
D00459,H01633
D00251,H01456
D00620,H01633
D09743,H01633
D00440,H01634
D00455,H01522
D08067,H01633
D10534,H01656
D02165,H02420
D00617,H01633
D11611,H00046
D02754,H01656
D09763,H00409
D11970,H01158
D00615,H01632
D08903,H01602
D11570,H01709
D03582,H01635
D08890,H01637
D10335,H00155
D11084,H01445
D00359,H01632
D11334,H00201
D10500,H00409
D10283,H01633
D10282,H01633
D02085,H01631
D09979,H01358
D10277,H01633
D01798,H00167
D11753,H00155
D11794,H00155
D08946,H00155
D13055,H00409
D00362,H01633
D00455,H01634
D10354,H00079
D08865,H01633
D11570,H00437
D10276,H01633
D10284,H01633
D02113,H01635
D07523,H00183
D00359,H01635
D12338,H01445
D11066,H00409
D11043,H00409
D00523,H01633
D00624,H01633
D00271,H00409
D00202,H00363
D10257,H01635
D08488,H01633
D11530,H01585
D11691,H02429
D01364,H01316
D11500,H00056
D08628,H01621
D11881,H01633
D12634,H00408
D00624,H01742
D00719,H01634
D11114,H01602
D00892,H01635
D10843,H00154
D04687,H01464
D10265,H00409
D11114,H01634
D01862,H01635
D07895,H01633
D08892,H01633
D09197,H01633
D02176,H01589
D12293,H00155
D00251,H01633
D10286,H01633
D04687,H01484
D02258,H00155
D00625,H00409
D11077,H00167
D00139,H01656
D10257,H00155
D04107,H00013
D09998,H01642
D11641,H01053
D02690,H01635
D11570,H01593
D00377,H01466
D00359,H01730
D03503,H01522
D00434,H00155
D02165,H00024
D10826,H00409
D00129,H01862
D00888,H00363
D02094,H01565
D10280,H01633
D05815,H01334
D02297,H01563
D10588,H00409
D01984,H00320
D05529,H01418
D10198,H01656
D06412,H01633
D11973,H00845
D00943,H01331
D09745,H01633
D01204,H01633
D10274,H01633
D10169,H01316
D11567,H00409
D04499,H00129
D05255,H01637
D08997,H01418
D10261,H00409
D09029,H00126
D00619,H01632
D12632,H00587
D04358,H01466
D00295,H01602
D11024,H00139
D03503,H01634
D12407,H01161
D09638,H00155
D00885,H01334
D00319,H01633
D01980,H01316
D08736,H01331
D04790,H01615
D00981,H01694
D12815,H01240
